Symbol,Company,Average Monthly Return,StdDev of Monthly Returns,Median of Monthly Returns,Mode of Monthly Returns,Max Monthly Return,Min Monthly Return,Kurtosis of Monthly Returns,Skewness of Monthly Returns
A,"AGILENT TECHNOLOGIES, INC. (XNYS:A)",0.7763%,8.4356%,0.2690%,-15.4320%,25.3190%,-15.4320%,-4.7403%,24.4033%
AAPL,APPLE INC. (XNAS:AAPL),1.7331%,8.3041%,0.9510%,-12.8370%,19.0170%,-12.8370%,-69.5747%,23.5314%
ABBV,ABBVIE INC. (XNYS:ABBV),1.8425%,7.3899%,1.0050%,-18.3120%,18.6610%,-18.3120%,-8.6100%,-13.7768%
ABNB,"AIRBNB, INC. (XNAS:ABNB)",1.6101%,13.0422%,1.2910%,-21.5120%,42.0040%,-21.5120%,132.2105%,75.3126%
ABT,ABBOTT LABORATORIES (XNYS:ABT),0.6002%,5.8975%,0.2440%,-12.0960%,14.8910%,-12.0960%,-42.0248%,18.3433%
ACGL,ARCH CAPITAL GROUP LTD. (XNAS:ACGL),1.9911%,6.5900%,0.3740%,11.3020%,24.8570%,-10.1170%,92.2187%,79.2381%
ACN,ACCENTURE PUBLIC LIMITED COMPANY (XNYS:ACN),0.2159%,8.0880%,1.6400%,-21.3090%,17.2180%,-21.3090%,-6.9640%,-19.1531%
ADBE,ADOBE INC. (XNAS:ADBE),0.1300%,10.8153%,-1.1170%,-21.5600%,25.2500%,-21.5600%,-49.7387%,27.9443%
ADI,"ANALOG DEVICES, INC. (XNAS:ADI)",2.3359%,8.2949%,1.4950%,-15.5590%,26.8050%,-15.5590%,90.8491%,62.5813%
ADM,ARCHER-DANIELS-MIDLAND COMPANY. (XNYS:ADM),1.1262%,8.3508%,0.0000%,-27.1620%,18.5050%,-27.1620%,131.9632%,-15.3175%
ADP,"AUTOMATIC DATA PROCESSING, INC. (XNAS:ADP)",1.2099%,6.5378%,1.7890%,-16.3560%,17.2010%,-16.3560%,62.2137%,8.0335%
ADSK,"AUTODESK, INC. (XNAS:ADSK)",0.4856%,9.3877%,-0.2920%,-20.2830%,27.5160%,-20.2830%,33.9721%,23.1350%
AEE,AMEREN CORPORATION (XNYS:AEE),0.5649%,5.3371%,0.9530%,-17.1850%,11.0890%,-17.1850%,99.4546%,-58.7035%
AEP,"AMERICAN ELECTRIC POWER COMPANY, INC. (XNAS:AEP)",0.8671%,5.3467%,1.2310%,-17.9050%,10.7980%,-17.9050%,125.3841%,-71.3050%
AES,THE AES CORPORATION (XNYS:AES),0.0716%,11.5518%,-1.8660%,-25.3580%,31.4200%,-25.3580%,21.9455%,40.7570%
AFL,AFLAC INCORPORATED (XNYS:AFL),2.3174%,6.1195%,1.8470%,-10.1940%,19.5370%,-10.1940%,17.4517%,46.2825%
AIG,"AMERICAN INTERNATIONAL GROUP, INC. (XNYS:AIG)",1.7168%,7.3720%,1.2090%,-16.3040%,21.9880%,-16.3040%,43.5780%,22.2972%
AIZ,"ASSURANT, INC. (XNYS:AIZ)",0.9016%,6.6926%,0.7530%,-16.5550%,15.2420%,-16.5550%,7.4238%,12.9762%
AJG,ARTHUR J. GALLAGHER & CO. (XNYS:AJG),1.6917%,5.8868%,2.0570%,-14.3270%,14.5870%,-14.3270%,-18.6546%,-14.7556%
AKAM,"AKAMAI TECHNOLOGIES, INC. (XNAS:AKAM)",-0.3369%,8.6013%,0.5450%,-21.4640%,19.0300%,-21.4640%,34.5751%,-34.9955%
ALB,ALBEMARLE CORPORATION (XNYS:ALB),2.2485%,14.8512%,1.4710%,-29.6690%,34.0210%,-29.6690%,-24.3341%,21.7139%
ALGN,"ALIGN TECHNOLOGY, INC. (XNAS:ALGN)",-0.6762%,15.6486%,-1.8330%,-37.1860%,62.6840%,-37.1860%,369.5856%,82.5968%
ALL,THE ALLSTATE CORPORATION (XNYS:ALL),1.4624%,6.5205%,1.1910%,-15.7910%,18.9240%,-15.7910%,53.7121%,21.9525%
ALLE,ALLEGION PUBLIC LIMITED COMPANY (XNYS:ALLE),1.1008%,7.5352%,-0.2450%,-11.2600%,17.6720%,-11.2600%,-38.1092%,61.2614%
AMAT,"APPLIED MATERIALS, INC. (XNAS:AMAT)",3.6799%,11.9046%,2.9110%,-14.6770%,34.0820%,-14.6770%,-73.3033%,36.7177%
AMCR,AMCOR PLC (XNYS:AMCR),-0.2092%,5.3953%,-1.4460%,-10.3160%,11.0050%,-10.3160%,-80.6386%,24.2685%
AMD,"ADVANCED MICRO DEVICES, INC. (XNAS:AMD)",3.3326%,16.4467%,0.1800%,-27.1680%,46.9890%,-27.1680%,-15.0315%,76.4916%
AME,"AMETEK, INC. (XNYS:AME)",1.4963%,6.3799%,0.8760%,-10.4060%,19.2580%,-10.4060%,27.9263%,63.9880%
AMGN,AMGEN INC. (XNAS:AMGN),1.0749%,6.6372%,-0.0700%,-11.6090%,19.3610%,-11.6090%,-9.2051%,46.8167%
AMP,"AMERIPRISE FINANCIAL, INC. (XNYS:AMP)",2.2756%,7.3125%,2.1350%,-11.7590%,24.5760%,-11.7590%,2.7639%,30.1910%
AMT,AMERICAN TOWER CORPORATION (XNYS:AMT),0.2193%,8.0082%,1.5940%,-22.4120%,22.3730%,-22.4120%,92.7541%,10.0100%
AMZN,"AMAZON.COM, INC. (XNAS:AMZN)",1.2004%,9.9060%,2.2270%,-29.8290%,28.5140%,-29.8290%,129.9560%,-13.4671%
ANET,"ARISTA NETWORKS, INC. (XNYS:ANET)",4.9245%,14.5739%,3.8570%,-23.8990%,51.3750%,-23.8990%,78.7912%,42.6013%
AON,AON PUBLIC LIMITED COMPANY (XNYS:AON),1.0199%,6.5604%,1.3800%,-12.9370%,17.3200%,-12.9370%,-20.2558%,4.0767%
AOS,A. O. SMITH CORPORATION (XNYS:AOS),1.1291%,8.2346%,1.7100%,-14.2920%,26.1180%,-14.2920%,39.9215%,45.2295%
APA,APA CORPORATION (XNAS:APA),2.2566%,14.2825%,-0.2240%,-28.6010%,43.2880%,-28.6010%,57.9295%,61.5135%
APD,"AIR PRODUCTS AND CHEMICALS, INC. (XNYS:APD)",0.4406%,8.2450%,-0.6850%,-16.6110%,25.1530%,-16.6110%,68.0079%,63.4371%
APH,AMPHENOL CORPORATION (XNYS:APH),3.7714%,8.1947%,2.7170%,-12.4500%,31.4940%,-12.4500%,143.3270%,81.5105%
APO,"APOLLO GLOBAL MANAGEMENT, INC. (XNYS:APO)",3.0459%,10.9727%,2.2740%,-15.1290%,34.5810%,-15.1290%,-23.4592%,44.9517%
APP,APPLOVIN CORPORATION (XNAS:APP),7.8520%,27.1140%,4.1830%,0.0000%,129.5210%,-38.4410%,552.7016%,142.4042%
APTV,APTIV PLC (XNYS:APTV),0.5875%,11.3288%,0.2890%,-24.2200%,27.7510%,-24.2200%,-9.9734%,11.1511%
ARE,"ALEXANDRIA REAL ESTATE EQUITIES, INC. (XNYS:ARE)",-1.3315%,9.8869%,-1.4840%,-29.2610%,28.8890%,-29.2610%,109.5412%,10.0456%
ARES,ARES MANAGEMENT CORPORATION (XNYS:ARES),3.1395%,10.1309%,4.0790%,-22.3860%,26.6340%,-22.3860%,38.8685%,-20.2276%
ATO,ATMOS ENERGY CORPORATION (XNYS:ATO),1.0353%,5.1359%,1.3420%,-13.2340%,13.5080%,-13.2340%,14.0093%,-29.6608%
AVB,"AVALONBAY COMMUNITIES, INC. (XNYS:AVB)",0.5022%,5.9806%,0.8050%,-16.5110%,13.2980%,-16.5110%,47.9536%,-24.3393%
AVGO,BROADCOM INC. (XNAS:AVGO),4.0251%,10.4242%,3.2460%,-17.7570%,33.9420%,-17.7570%,107.1286%,70.7372%
AVY,AVERY DENNISON CORPORATION (XNYS:AVY),0.7407%,6.5901%,-0.0560%,-14.2250%,17.5440%,-14.2250%,2.1818%,29.1143%
AWK,"AMERICAN WATER WORKS COMPANY, INC. (XNYS:AWK)",-0.3448%,6.8048%,0.7840%,-17.6640%,14.4770%,-17.6640%,21.4808%,-40.2607%
AXON,"AXON ENTERPRISE, INC. (XNAS:AXON)",4.1313%,15.7128%,2.7300%,-31.0960%,55.9830%,-31.0960%,154.2178%,71.8410%
AXP,AMERICAN EXPRESS COMPANY (XNYS:AXP),3.0000%,7.9720%,4.1060%,-13.0300%,22.9640%,-13.0300%,-34.8167%,14.4386%
AZO,"AUTOZONE, INC. (XNYS:AZO)",2.0457%,6.7579%,2.5050%,-12.0440%,17.8860%,-12.0440%,-24.8974%,8.5904%
BA,THE BOEING COMPANY (XNYS:BA),2.1004%,12.4545%,0.3400%,-21.9440%,32.1520%,-21.9440%,17.9895%,63.1116%
BAC,BANK OF AMERICA CORPORATION (XNYS:BAC),2.0495%,8.4174%,1.8120%,-16.4660%,23.0040%,-16.4660%,0.1728%,18.5766%
BALL,BALL CORPORATION (XNYS:BALL),-0.5811%,8.5331%,0.0700%,-23.9850%,19.7200%,-23.9850%,36.7774%,-36.7404%
BAX,BAXTER INTERNATIONAL INC. (XNYS:BAX),-2.1217%,7.8747%,-3.2360%,-16.4790%,13.6500%,-16.4790%,-77.4645%,18.8607%
BBY,"Best Buy Co., Inc. (XNYS:BBY)",0.0187%,9.8027%,-2.3130%,-19.5630%,26.7010%,-19.5630%,13.2586%,62.9126%
BDX,"BECTON, DICKINSON AND COMPANY (XNYS:BDX)",-0.3946%,5.1422%,0.4940%,-13.7540%,11.6350%,-13.7540%,39.8183%,-30.8830%
BEN,"FRANKLIN RESOURCES, INC. (XNYS:BEN)",0.9538%,9.7434%,-2.2060%,-15.6040%,26.1180%,-15.6040%,-45.5931%,65.9264%
BF.B,BROWN-FORMAN CORPORATION (XNYS:BF.B),-1.6364%,7.5584%,-1.4610%,-28.8450%,11.2360%,-28.8450%,154.6725%,-76.2003%
BG,Bunge Global Ltd (XNYS:BG),1.9336%,8.8329%,2.2210%,-18.0070%,20.5400%,-18.0070%,-45.7663%,5.5035%
BIIB,BIOGEN INC. (XNAS:BIIB),-0.2901%,10.4757%,-1.2840%,-16.9650%,44.7380%,-16.9650%,547.5865%,170.0973%
BK,THE BANK OF NEW YORK MELLON CORPORATION (XNYS:BK),2.8057%,6.9668%,3.7430%,-19.1070%,17.0070%,-19.1070%,64.3148%,-51.8426%
BKNG,BOOKING HOLDINGS INC. (XNAS:BKNG),2.4920%,8.6398%,2.1930%,-17.4190%,21.8230%,-17.4190%,-27.6193%,-5.0831%
BKR,BAKER HUGHES COMPANY (XNAS:BKR),3.4300%,11.5887%,2.5810%,-19.1880%,41.5570%,-19.1880%,202.4099%,87.5974%
BLDR,"BUILDERS FIRSTSOURCE, INC. (XNYS:BLDR)",3.4274%,13.6399%,2.8050%,-22.0510%,31.0750%,-22.0510%,-93.4370%,-4.5217%
BLK,"BLACKROCK, INC. (XNYS:BLK)",1.1740%,8.1431%,0.6910%,-18.3360%,26.4630%,-18.3360%,115.1860%,25.3053%
BMY,BRISTOL-MYERS SQUIBB COMPANY (XNYS:BMY),0.1598%,7.6570%,0.2350%,-16.5730%,20.3200%,-16.5730%,22.8862%,12.2135%
BR,"BROADRIDGE FINANCIAL SOLUTIONS, INC. (XNYS:BR)",0.9659%,6.6968%,0.4860%,-18.0180%,16.7400%,-18.0180%,66.1650%,-17.4606%
BRK.B,BERKSHIRE HATHAWAY INC. (XNYS:BRK.B),1.8112%,4.7852%,1.5620%,-9.3780%,15.2650%,-9.3780%,20.7575%,10.7283%
BRO,"BROWN & BROWN, INC. (XNYS:BRO)",0.9929%,6.6162%,1.5010%,-19.7350%,13.7410%,-19.7350%,52.3205%,-55.5697%
BSX,BOSTON SCIENTIFIC CORPORATION (XNYS:BSX),2.0291%,5.1021%,2.0020%,-9.2020%,13.3680%,-9.2020%,-34.3515%,11.2825%
BX,BLACKSTONE INC. (XNYS:BX),2.6143%,11.8642%,2.6920%,-20.7910%,30.9210%,-20.7910%,-50.2223%,23.0668%
BXP,"BXP, INC. (XNYS:BXP)",0.5936%,9.5684%,-1.4780%,-18.8850%,28.0580%,-18.8850%,28.4828%,74.9399%
C,CITIGROUP INC. (XNYS:C),2.0659%,8.8162%,1.8650%,-18.0390%,23.5090%,-18.0390%,12.0260%,16.9926%
CAG,"CONAGRA BRANDS, INC. (XNYS:CAG)",-1.3127%,5.6077%,-1.1100%,-13.3310%,10.7750%,-13.3310%,-45.3113%,-7.2050%
CAH,"CARDINAL HEALTH, INC. (XNYS:CAH)",2.7554%,8.3530%,1.6710%,-10.9070%,30.9090%,-10.9070%,104.8324%,94.8337%
CARR,CARRIER GLOBAL CORPORATION (XNYS:CARR),1.4984%,9.9505%,0.6290%,-17.9410%,22.7680%,-17.9410%,-53.5691%,41.3929%
CAT,CATERPILLAR INC. (XNYS:CAT),3.5505%,9.7842%,3.8430%,-16.7670%,38.8650%,-16.7670%,179.9893%,57.5105%
CB,Chubb Ltd (XNYS:CB),0.9638%,5.4827%,-0.1170%,1.2990%,14.9990%,-8.8990%,-46.9596%,51.5887%
CBOE,"Cboe Global Markets, Inc. (BATS:CBOE)",2.1020%,5.4253%,2.3100%,-9.5330%,16.5030%,-9.5330%,12.8456%,18.8710%
CBRE,"CBRE GROUP, INC. (XNYS:CBRE)",2.7830%,8.8766%,3.2150%,-14.3310%,23.0690%,-14.3310%,-26.7863%,12.0385%
CCI,CROWN CASTLE INC. (XNYS:CCI),-0.4844%,8.5212%,-2.0910%,-19.9150%,31.9350%,-19.9150%,294.9492%,97.8781%
CCL,Carnival Corp (XNYS:CCL),3.9351%,18.7356%,1.6250%,-27.8550%,66.9330%,-27.8550%,102.8857%,82.3435%
CDNS,"CADENCE DESIGN SYSTEMS, INC. (XNAS:CDNS)",1.6179%,10.0782%,2.7110%,-20.8430%,24.6660%,-20.8430%,-14.2410%,-9.1170%
CDW,CDW CORPORATION (XNAS:CDW),0.4384%,8.0850%,-0.1660%,-18.0250%,20.2610%,-18.0250%,-21.9027%,17.8565%
CEG,CONSTELLATION ENERGY CORPORATION. (XNAS:CEG),4.7156%,14.3316%,0.3810%,0.0000%,53.3680%,-29.8830%,261.5811%,115.0487%
CF,"CF INDUSTRIES HOLDINGS, INC. (XNYS:CF)",2.4126%,10.0850%,-0.9430%,-18.3830%,34.4050%,-18.3830%,94.6389%,86.8705%
CFG,"CITIZENS FINANCIAL GROUP, INC. (XNYS:CFG)",2.2629%,10.9140%,1.1500%,-27.5010%,26.7770%,-27.5010%,3.1834%,12.4456%
CHD,"CHURCH & DWIGHT CO., INC. (XNYS:CHD)",0.2998%,5.3530%,-0.4390%,-15.9900%,12.2060%,-15.9900%,45.0514%,-3.1984%
CHRW,"C.H. ROBINSON WORLDWIDE, INC. (XNAS:CHRW)",1.6960%,9.1065%,1.6140%,-17.8140%,28.4160%,-17.8140%,72.9791%,39.2359%
CHTR,"CHARTER COMMUNICATIONS, INC. (XNAS:CHTR)",-1.0964%,11.2081%,-1.8900%,-27.3500%,26.6130%,-27.3500%,24.3218%,16.2868%
CI,THE CIGNA GROUP (XNYS:CI),0.9288%,7.6254%,0.7650%,-13.8720%,19.6780%,-13.8720%,-8.1639%,24.9336%
CINF,CINCINNATI FINANCIAL CORPORATION (XNAS:CINF),1.8255%,7.5314%,0.7890%,-19.1920%,24.1030%,-19.1920%,67.3806%,27.7564%
CL,COLGATE-PALMOLIVE COMPANY (XNYS:CL),0.2682%,4.6398%,0.7930%,-11.7440%,9.9910%,-11.7440%,-39.2263%,-15.4922%
CLX,THE CLOROX COMPANY (XNYS:CLX),-0.7316%,7.3832%,-1.1820%,-18.8980%,21.9710%,-18.8980%,82.3731%,25.7783%
CMCSA,COMCAST CORPORATION (XNAS:CMCSA),-0.6255%,7.1165%,-0.8180%,-18.1490%,14.2980%,-18.1490%,-11.9095%,-10.6582%
CME,CME GROUP INC. (XNAS:CME),0.6297%,5.3607%,0.8820%,-12.7230%,12.7780%,-12.7230%,-2.7463%,-31.8736%
CMG,"CHIPOTLE MEXICAN GRILL, INC. (XNYS:CMG)",1.4990%,10.7392%,1.3640%,-22.3950%,22.4960%,-22.3950%,-35.3249%,-9.3887%
CMI,CUMMINS INC. (XNYS:CMI),2.3936%,7.5598%,2.1850%,-14.5710%,19.2880%,-14.5710%,-29.6579%,2.7554%
CMS,CMS ENERGY CORPORATION (XNYS:CMS),0.3670%,5.0042%,0.2360%,-17.6500%,9.4230%,-17.6500%,154.5415%,-63.2109%
CNC,CENTENE CORPORATION (XNYS:CNC),-0.1246%,10.3041%,0.5110%,-49.3840%,18.5840%,-49.3840%,751.7397%,-183.4637%
CNP,"CENTERPOINT ENERGY, INC. (XNYS:CNP)",1.4354%,5.1144%,2.1750%,2.0080%,12.4880%,-15.6390%,106.4942%,-56.7103%
COF,CAPITAL ONE FINANCIAL CORPORATION (XNYS:COF),2.6642%,9.6661%,0.6030%,-13.5240%,30.6370%,-13.5240%,7.3182%,53.5835%
COIN,"COINBASE GLOBAL, INC. (XNAS:COIN)",5.5710%,31.7466%,0.0000%,0.0000%,110.8790%,-44.5120%,203.2638%,138.7978%
COO,"THE COOPER COMPANIES, INC. (XNAS:COO)",-0.0980%,8.0461%,1.3980%,-21.2100%,17.3680%,-21.2100%,-5.1109%,-12.1426%
COP,CONOCOPHILLIPS (XNYS:COP),2.2003%,10.6310%,0.9630%,-25.9950%,33.2510%,-25.9950%,229.3659%,87.5095%
COR,"Cencora, Inc. (XNYS:COR)",2.0964%,6.2655%,1.1850%,-8.4640%,19.4410%,-8.4640%,-16.1202%,57.5813%
COST,COSTCO WHOLESALE CORPORATION (XNAS:COST),1.9722%,7.0168%,1.4720%,-15.1690%,14.4620%,-15.1690%,-53.4246%,-10.9798%
CPAY,"CORPAY, INC. (XNYS:CPAY)",1.1256%,7.9137%,1.4560%,-17.8090%,18.7940%,-17.8090%,-55.2122%,-0.1951%
CPB,THE CAMPBELL'S COMPANY (XNAS:CPB),-0.7836%,5.7243%,-0.3310%,-11.5890%,11.4760%,-11.5890%,-68.5360%,-8.9819%
CPRT,"COPART, INC. (XNAS:CPRT)",0.9050%,8.5367%,0.2590%,-24.8590%,17.3180%,-24.8590%,30.4376%,-19.1954%
CPT,CAMDEN PROPERTY TRUST (XNYS:CPT),0.3908%,6.2759%,0.8970%,-14.2620%,10.2880%,-14.2620%,-48.7230%,-37.5409%
CRH,CRH PUBLIC LIMITED COMPANY (XNYS:CRH),2.1476%,7.5984%,0.0000%,0.0000%,23.1900%,-12.6470%,43.0502%,46.6621%
CRL,"CHARLES RIVER LABORATORIES INTERNATIONAL, INC. (XNYS:CRL)",0.7988%,11.3172%,1.9420%,-37.9970%,28.9300%,-37.9970%,148.9120%,-58.9094%
CRM,"SALESFORCE, INC. (XNYS:CRM)",0.7949%,10.4090%,0.8190%,-20.0470%,32.2680%,-20.0470%,93.8111%,63.6054%
CRWD,"CROWDSTRIKE HOLDINGS, INC. (XNAS:CRWD)",2.5599%,14.4926%,6.6500%,-32.7010%,35.9970%,-32.7010%,-13.0842%,-38.7137%
CSCO,"CISCO SYSTEMS, INC. (XNAS:CSCO)",1.3720%,6.3001%,2.3480%,-12.9710%,14.8070%,-12.9710%,-22.9040%,-24.6870%
CSGP,"COSTAR GROUP, INC. (XNAS:CSGP)",0.0204%,8.2004%,0.2670%,-19.1390%,20.8270%,-19.1390%,9.3419%,20.6879%
CSX,CSX Corporation (XNAS:CSX),0.5377%,7.0537%,0.5520%,-14.3090%,16.7110%,-14.3090%,-55.8302%,15.9116%
CTAS,CINTAS CORPORATION (XNAS:CTAS),1.8873%,5.9206%,2.5560%,-13.8460%,14.1050%,-13.8460%,41.3080%,-37.2568%
CTRA,Coterra Energy Inc. (XNYS:CTRA),1.6726%,9.0926%,-1.2620%,-23.3170%,25.0420%,-23.3170%,60.1733%,44.9766%
CTSH,COGNIZANT TECHNOLOGY SOLUTIONS CORPORATION (XNAS:CTSH),0.1120%,7.5734%,-0.2900%,-16.0980%,19.2870%,-16.0980%,6.7355%,29.0050%
CTVA,"CORTEVA, INC. (XNYS:CTVA)",1.7549%,6.8535%,1.4600%,-17.3510%,19.7120%,-17.3510%,74.4196%,2.6147%
CVNA,CARVANA CO. (XNYS:CVNA),11.7710%,44.5321%,6.6690%,-61.0920%,204.8520%,-61.0920%,554.3966%,179.0778%
CVS,CVS HEALTH CORPORATION (XNYS:CVS),0.7175%,8.5520%,1.0840%,-0.1160%,22.6120%,-20.3730%,15.4537%,0.0228%
CVX,CHEVRON CORPORATION (XNYS:CVX),2.1049%,8.2927%,1.6490%,-18.6030%,27.6680%,-18.6030%,238.6803%,74.5781%
D,"Dominion Energy, Inc. (XNYS:D)",-0.2049%,6.4878%,-0.2710%,-21.3120%,16.4420%,-21.3120%,163.3742%,-65.7365%
DAL,"DELTA AIR LINES, INC. (XNYS:DAL)",2.1064%,12.1403%,0.8460%,-28.4750%,32.4600%,-28.4750%,-18.5632%,9.2882%
DASH,"DOORDASH, INC. (XNAS:DASH)",2.8517%,14.9446%,4.2870%,-40.3560%,36.7020%,-40.3560%,46.6474%,-47.0807%
DAY,"DAYFORCE, INC. (XNYS:DAY)",0.7108%,11.7582%,1.3070%,-26.0870%,36.6390%,-26.0870%,115.9036%,33.7264%
DD,"DuPont de Nemours, Inc. (XNYS:DD)",1.5433%,9.3836%,0.8670%,-21.9870%,28.8240%,-21.9870%,96.7846%,42.1318%
DDOG,"DATADOG, INC. (XNAS:DDOG)",1.9556%,14.9165%,1.1920%,-28.3390%,45.2250%,-28.3390%,18.6458%,30.7775%
DE,DEERE & COMPANY (XNYS:DE),1.9759%,7.2681%,0.8900%,-13.3550%,19.4830%,-13.3550%,-32.5660%,25.3926%
DECK,DECKERS OUTDOOR CORPORATION (XNYS:DECK),2.3180%,12.6033%,2.8270%,-32.5060%,29.6930%,-32.5060%,10.3590%,-29.6177%
DELL,DELL TECHNOLOGIES INC. (XNYS:DELL),3.1457%,12.4652%,3.6650%,-21.7150%,39.4450%,-21.7150%,43.7064%,57.5390%
DG,DOLLAR GENERAL CORPORATION (XNYS:DG),-0.0567%,11.4258%,0.6850%,-31.7330%,31.6200%,-31.7330%,138.5496%,-37.2004%
DGX,QUEST DIAGNOSTICS INCORPORATED (XNYS:DGX),0.9382%,6.3596%,1.3400%,1.0640%,17.0590%,-22.5190%,232.2012%,-53.6444%
DHI,"D.R. HORTON, INC. (XNYS:DHI)",1.9005%,11.3494%,1.7090%,-22.5270%,29.4990%,-22.5270%,-8.8473%,32.4539%
DHR,DANAHER CORPORATION (XNYS:DHR),0.6023%,8.1598%,1.1460%,-3.2260%,18.9480%,-14.6590%,-72.9383%,-8.3209%
DIS,THE WALT DISNEY COMPANY (XNYS:DIS),-0.3243%,9.1673%,-2.1080%,-19.4960%,29.3720%,-19.4960%,204.5654%,103.6934%
DLR,"DIGITAL REALTY TRUST, INC. (XNYS:DLR)",0.7275%,8.2060%,-0.4440%,-21.8380%,17.8880%,-21.8380%,21.2415%,-21.4237%
DLTR,"DOLLAR TREE, INC. (XNAS:DLTR)",1.5401%,11.2387%,2.2710%,-27.3840%,28.6820%,-27.3840%,3.1160%,-4.7554%
DOC,"HEALTHPEAK PROPERTIES, INC. (XNYS:DOC)",-0.0337%,7.3259%,1.0330%,-15.3130%,13.8250%,-15.3130%,-73.2094%,-15.4140%
DOV,DOVER CORPORATION (XNYS:DOV),1.6505%,7.3850%,1.1200%,-16.1080%,17.8720%,-16.1080%,-58.8708%,-10.6865%
DOW,Dow Inc. (XNYS:DOW),-0.7499%,7.7672%,-0.6860%,-23.8570%,19.0710%,-23.8570%,70.1145%,-12.7443%
DPZ,"DOMINO'S PIZZA, INC. (XNAS:DPZ)",0.8891%,9.3973%,1.0730%,-22.3730%,26.5320%,-22.3730%,34.1028%,-0.4452%
DRI,"DARDEN RESTAURANTS, INC. (XNYS:DRI)",1.3055%,6.3119%,0.5460%,-11.4860%,18.7010%,-11.4860%,-4.5927%,31.4435%
DTE,DTE ENERGY COMPANY (XNYS:DTE),0.5178%,5.1309%,1.2500%,-18.0340%,11.6190%,-18.0340%,196.0781%,-63.4216%
DUK,DUKE ENERGY CORPORATION (XNYS:DUK),0.4595%,4.7785%,0.6340%,1.8130%,10.1770%,-16.7570%,167.1855%,-67.1857%
DVA,DAVITA INC. (XNYS:DVA),0.3517%,9.5106%,-0.4470%,-22.2270%,35.8730%,-22.2270%,234.5275%,62.8623%
DVN,DEVON ENERGY CORPORATION (XNYS:DVN),2.4231%,11.6396%,0.3860%,-26.4380%,36.6470%,-26.4380%,117.4425%,54.6300%
DXCM,"DEXCOM, INC. (XNAS:DXCM)",0.0057%,15.2682%,0.0340%,-45.1300%,42.6370%,-45.1300%,125.1573%,-23.5908%
EA,ELECTRONIC ARTS INC. (XNAS:EA),1.1393%,7.9285%,1.2710%,-21.3070%,22.3000%,-21.3070%,57.1583%,2.4614%
EBAY,EBAY INC. (XNAS:EBAY),1.7887%,9.0986%,1.0080%,-15.5680%,26.9770%,-15.5680%,22.1292%,32.5512%
ECL,ECOLAB INC. (XNYS:ECL),0.6757%,6.7448%,1.5150%,-20.0820%,22.2050%,-20.0820%,194.7017%,-13.1035%
ED,"CONSOLIDATED EDISON, INC. (XNYS:ED)",0.7022%,5.6007%,0.5640%,-17.1610%,13.5690%,-17.1610%,51.1931%,-27.5631%
EFX,EQUIFAX INC. (XNYS:EFX),1.0207%,10.6522%,-0.4540%,-20.0550%,36.5380%,-20.0550%,124.2405%,84.5145%
EG,"Everest Group, Ltd. (XNYS:EG)",0.9352%,6.4182%,1.0670%,-6.4410%,26.9470%,-13.2600%,350.2882%,97.6498%
EIX,EDISON INTERNATIONAL (XNYS:EIX),0.5965%,7.6709%,0.8190%,-26.2190%,16.3700%,-26.2190%,163.7242%,-66.7691%
EL,THE ESTEE LAUDER COMPANIES INC. (XNYS:EL),0.1631%,11.3447%,0.9980%,-22.3350%,29.5650%,-22.3350%,-42.1622%,22.9334%
ELV,"ELEVANCE HEALTH, INC. (XNYS:ELV)",0.3666%,8.1040%,0.8530%,-27.9440%,17.4900%,-27.9440%,205.5822%,-65.9216%
EME,"EMCOR GROUP, INC. (XNYS:EME)",4.1678%,10.1011%,1.7360%,-23.9440%,29.8380%,-23.9440%,36.9444%,40.9917%
EMR,EMERSON ELECTRIC CO. (XNYS:EMR),1.7853%,7.5113%,2.0830%,-8.2940%,21.6740%,-11.0430%,-2.6822%,44.2118%
EOG,"EOG RESOURCES, INC. (XNYS:EOG)",2.3333%,10.9654%,0.2140%,-26.7220%,33.1520%,-26.7220%,173.5490%,76.6632%
EPAM,"EPAM SYSTEMS, INC. (XNYS:EPAM)",1.3393%,17.9807%,3.1520%,-55.8850%,55.4960%,-55.8850%,178.2501%,-11.9680%
EQIX,"EQUINIX, INC. (XNAS:EQIX)",0.5298%,7.5675%,0.9710%,-16.9880%,21.7270%,-16.9880%,52.3943%,3.4657%
EQR,EQUITY RESIDENTIAL (XNYS:EQR),0.4740%,6.1344%,0.2120%,-1.2470%,15.8260%,-17.0250%,86.5895%,-29.0928%
EQT,EQT CORPORATION (XNYS:EQT),3.9539%,12.4927%,3.1490%,-28.6910%,45.3340%,-28.6910%,122.3591%,46.6513%
ERIE,ERIE INDEMNITY COMPANY (XNAS:ERIE),0.7860%,10.0895%,-0.9630%,-15.1230%,29.6550%,-15.1230%,74.4072%,86.2977%
ES,Eversource Energy (XNYS:ES),-0.1755%,6.7559%,0.1550%,-17.0850%,14.3340%,-17.0850%,2.9213%,-9.9913%
ESS,"ESSEX PROPERTY TRUST, INC. (XNYS:ESS)",0.7175%,6.5282%,1.7790%,-16.8320%,15.1610%,-16.8320%,-1.4850%,-25.8742%
ETN,EATON CORPORATION PUBLIC LIMITED COMPANY (XNYS:ETN),2.3082%,8.8678%,0.8470%,-19.4080%,19.6560%,-19.4080%,-59.0139%,15.2070%
ETR,ENTERGY CORPORATION (XNYS:ETR),1.5497%,5.4347%,0.7640%,-12.8980%,13.4750%,-12.8980%,-1.8636%,-1.4582%
EVRG,"Evergy, Inc. (XNAS:EVRG)",0.6418%,5.5578%,1.1850%,-16.5720%,11.6330%,-16.5720%,72.2248%,-66.4365%
EW,EDWARDS LIFESCIENCES CORPORATION (XNYS:EW),0.3373%,9.7043%,2.3740%,4.8370%,19.7980%,-31.3860%,70.5952%,-64.4577%
EXC,EXELON CORPORATION (XNAS:EXC),0.7278%,5.7667%,0.2530%,-16.1520%,13.2870%,-16.1520%,34.1293%,4.8995%
EXE,EXPAND ENERGY CORPORATION (XNAS:EXE),2.3536%,7.7323%,3.6120%,0.0000%,20.2600%,-20.0880%,32.3712%,-40.2797%
EXPD,"EXPEDITORS INTERNATIONAL OF WASHINGTON, INC (XNYS:EXPD)",1.6831%,7.3353%,1.8360%,-18.2810%,22.3550%,-18.2810%,67.2999%,4.2655%
EXPE,"EXPEDIA GROUP, INC. (XNAS:EXPE)",2.7341%,13.0866%,1.0640%,-33.2340%,49.6670%,-33.2340%,251.8449%,71.5755%
EXR,EXTRA SPACE STORAGE INC. (XNYS:EXR),0.8165%,8.7834%,1.5490%,-17.2490%,28.7190%,-17.2490%,62.1260%,36.6610%
F,FORD MOTOR COMPANY (XNYS:F),2.6968%,12.9277%,1.7460%,-19.8720%,36.2280%,-19.8720%,37.0824%,67.3351%
FANG,"DIAMONDBACK ENERGY, INC. (XNAS:FANG)",2.8850%,11.2865%,1.1840%,-25.1850%,45.4470%,-25.1850%,350.8837%,118.5211%
FAST,Fastenal Company (XNAS:FAST),1.4020%,6.6350%,2.4080%,-14.1590%,14.5390%,-14.1590%,-35.6077%,-47.7639%
FCX,FREEPORT-MCMORAN INC. (XNYS:FCX),2.4772%,12.3406%,1.9740%,-2.7020%,28.7600%,-30.3660%,4.3218%,8.0862%
FDS,FACTSET RESEARCH SYSTEMS INC. (XNYS:FDS),-0.4560%,7.3034%,-0.9970%,-21.7710%,13.3960%,-21.7710%,101.6196%,-65.2139%
FDX,FEDEX CORPORATION (XNYS:FDX),1.7220%,10.2388%,1.4460%,-26.0210%,23.9430%,-26.0210%,-15.8173%,-5.9520%
FE,FIRSTENERGY CORP. (XNYS:FE),0.7048%,5.2171%,0.4140%,-1.8740%,10.7040%,-9.5460%,-76.1290%,-5.1992%
FFIV,"F5, INC. (XNAS:FFIV)",1.1932%,8.4259%,2.5920%,-29.4650%,15.2430%,-29.4650%,209.2539%,-109.6114%
FICO,FAIR ISAAC CORPORATION (XNYS:FICO),2.2100%,11.4601%,3.2190%,-22.1240%,32.9690%,-22.1240%,1.3311%,26.2412%
FIS,"FIDELITY NATIONAL INFORMATION SERVICES, INC. (XNYS:FIS)",-1.0954%,9.2369%,-0.6640%,-21.4660%,27.0140%,-21.4660%,53.2317%,19.6814%
FISV,"FISERV, INC. (XNAS:FISV)",-0.0970%,9.7052%,0.4280%,-48.2830%,16.1390%,-48.2830%,939.6965%,-213.4502%
FITB,FIFTH THIRD BANCORP (XNAS:FITB),2.0634%,9.5115%,1.1310%,-26.6320%,33.5950%,-26.6320%,181.0276%,29.6544%
FIX,"COMFORT SYSTEMS USA, INC. (XNYS:FIX)",6.2623%,12.7976%,4.5660%,-33.1080%,35.5080%,-33.1080%,83.7243%,13.6037%
FOX,FOX CORPORATION (XNAS:FOX),2.2278%,7.9399%,1.6000%,-11.3630%,31.9700%,-11.3630%,182.4969%,84.6411%
FOXA,FOX CORPORATION (XNAS:FOXA),2.4234%,8.2859%,1.7450%,-12.0930%,36.1550%,-12.0930%,317.2011%,109.2059%
FRT,FEDERAL REALTY INVESTMENT TRUST (XNYS:FRT),1.2298%,7.1865%,-0.6020%,-10.1420%,21.0580%,-10.1420%,45.5515%,83.3969%
FSLR,"FIRST SOLAR, INC. (XNAS:FSLR)",3.4822%,16.3363%,4.3870%,-18.7490%,58.1010%,-18.7490%,139.5311%,92.4260%
FTNT,"FORTINET, INC. (XNAS:FTNT)",2.0552%,10.5382%,2.2990%,-24.0940%,27.7870%,-24.0940%,27.1611%,-22.5899%
FTV,FORTIVE CORPORATION (XNYS:FTV),0.3342%,6.8204%,-0.4940%,-15.5980%,18.9540%,-15.5980%,40.6073%,23.9237%
GD,GENERAL DYNAMICS CORPORATION (XNYS:GD),1.7639%,4.9656%,1.6280%,-8.7720%,17.5280%,-8.7720%,96.6891%,25.1999%
GDDY,GODADDY INC. (XNYS:GDDY),0.8223%,9.6301%,1.2000%,-18.4490%,42.3530%,-18.4490%,479.7801%,116.8770%
GE,GENERAL ELECTRIC COMPANY (XNYS:GE),4.2024%,9.4306%,3.3910%,-15.4180%,30.9480%,-15.4180%,52.6474%,57.7519%
GEHC,GE HealthCare Technologies Inc. (XNAS:GEHC),0.9425%,6.9361%,0.0000%,0.0000%,21.7630%,-23.9110%,373.9420%,15.0641%
GEN,GEN DIGITAL INC. (XNAS:GEN),1.3188%,9.9462%,0.6790%,-15.6740%,35.5300%,-15.6740%,314.5352%,129.5950%
GEV,GE VERNOVA INC. (XNYS:GEV),3.4004%,10.6030%,0.0000%,0.0000%,43.5300%,-22.0240%,452.4301%,187.9191%
GILD,"GILEAD SCIENCES, INC. (XNAS:GILD)",1.7010%,6.6966%,1.1300%,-11.9960%,30.2320%,-11.9960%,492.7918%,127.5591%
GIS,"GENERAL MILLS, INC. (XNYS:GIS)",-0.4815%,5.1962%,0.2350%,-12.1940%,10.4710%,-12.1940%,-58.1187%,-6.3832%
GL,GLOBE LIFE INC. (XNYS:GL),1.8142%,7.9567%,0.7770%,-34.3990%,22.4750%,-34.3990%,647.1272%,-112.5669%
GLW,CORNING INCORPORATED (XNYS:GLW),2.1416%,8.7578%,1.7640%,-14.8300%,21.7740%,-14.8300%,-42.7646%,26.9777%
GM,GENERAL MOTORS COMPANY (XNYS:GM),2.8372%,11.1521%,4.1070%,-19.0680%,27.4070%,-19.0680%,-67.6938%,11.4160%
GNRC,GENERAC HOLDINGS INC. (XNYS:GNRC),0.3967%,16.8119%,-0.0400%,-43.1630%,48.7830%,-43.1630%,31.1992%,21.6956%
GOOG,ALPHABET INC. (XNAS:GOOG),2.8102%,8.7398%,2.8490%,-17.7970%,24.5620%,-17.7970%,-26.3417%,7.2984%
GOOGL,ALPHABET INC. (XNAS:GOOGL),2.7915%,8.8297%,2.3230%,-17.4130%,24.9240%,-17.4130%,-29.8601%,10.1099%
GPC,GENUINE PARTS COMPANY (XNYS:GPC),0.2883%,7.1889%,0.3190%,-16.6250%,19.3410%,-16.6250%,17.0585%,18.0864%
GPN,GLOBAL PAYMENTS INC. (XNYS:GPN),-0.7156%,9.8266%,-1.6180%,-26.2950%,24.8860%,-26.2950%,9.8864%,17.6624%
GRMN,Garmin Ltd (XNYS:GRMN),1.7502%,8.1859%,2.3260%,-21.7310%,25.5100%,-21.7310%,160.5247%,23.4619%
GS,"THE GOLDMAN SACHS GROUP, INC. (XNYS:GS)",3.0946%,8.4062%,2.8430%,-14.4440%,22.1330%,-14.4440%,-47.7210%,17.5842%
GWW,"W.W. GRAINGER, INC. (XNYS:GWW)",2.6444%,8.2942%,2.1670%,-10.1350%,22.0010%,-10.1350%,9.0014%,75.6429%
HAL,HALLIBURTON COMPANY (XNYS:HAL),2.9240%,13.4214%,1.2350%,-26.3030%,56.2960%,-26.3030%,368.5889%,137.3414%
HAS,"Hasbro, Inc. (XNAS:HAS)",0.8104%,9.2075%,0.1760%,-29.7260%,25.0330%,-29.7260%,133.7780%,-6.9471%
HBAN,HUNTINGTON BANCSHARES INCORPORATED (XNAS:HBAN),1.7600%,9.2804%,1.3200%,-26.7500%,24.3640%,-26.7500%,73.3794%,4.9205%
HCA,"HCA HEALTHCARE, INC. (XNYS:HCA)",2.3533%,8.4767%,3.3540%,-21.8050%,21.5640%,-21.8050%,21.9542%,-20.5997%
HD,"THE HOME DEPOT, INC. (XNYS:HD)",0.9449%,7.5180%,1.2110%,3.1290%,25.9190%,-14.2490%,120.3685%,43.6293%
HIG,"THE HARTFORD INSURANCE GROUP, INC. (XNYS:HIG)",2.1666%,6.3103%,0.8070%,-10.6190%,24.5620%,-10.6190%,186.5184%,101.1931%
HII,"HUNTINGTON INGALLS INDUSTRIES, INC. (XNYS:HII)",2.5983%,8.5347%,1.9520%,-23.9280%,25.9210%,-23.9280%,159.2207%,9.5851%
HLT,HILTON WORLDWIDE HOLDINGS INC. (XNYS:HLT),2.5771%,6.8798%,2.1490%,-13.7440%,16.3080%,-13.7440%,-10.7041%,0.5291%
HOLX,"HOLOGIC, INC. (XNAS:HOLX)",0.3162%,6.8751%,-0.1730%,-14.5170%,16.6000%,-14.5170%,-16.2629%,30.2724%
HON,HONEYWELL INTERNATIONAL INCORPORATION (XNAS:HON),0.5252%,6.0804%,-0.3730%,-8.2830%,24.4830%,-8.2830%,267.2021%,121.4779%
HOOD,"ROBINHOOD MARKETS, INC. (XNAS:HOOD)",4.3468%,20.2963%,0.0000%,0.0000%,53.4000%,-45.6090%,7.3723%,28.2245%
HPE,HEWLETT PACKARD ENTERPRISE COMPANY (XNYS:HPE),2.2506%,9.6446%,2.1150%,-26.0710%,21.0440%,-26.0710%,3.8328%,1.4153%
HPQ,HP INC. (XNYS:HPQ),0.3233%,9.1815%,-0.1330%,-17.7690%,17.7630%,-17.7690%,-51.1773%,-11.6805%
HRL,HORMEL FOODS CORPORATION (XNYS:HRL),-0.9233%,6.2378%,-1.0440%,4.5490%,16.6630%,-19.3270%,147.4969%,-12.6017%
HSIC,"HENRY SCHEIN, INC. (XNAS:HSIC)",0.8365%,6.7320%,0.0140%,-10.6250%,18.7650%,-10.6250%,-17.2900%,54.1958%
HST,"HOST HOTELS & RESORTS, INC. (XNAS:HST)",1.5359%,8.2238%,1.2230%,-14.4320%,21.3810%,-14.4320%,-17.8626%,32.4599%
HSY,THE HERSHEY COMPANY (XNYS:HSY),0.9114%,5.7657%,1.4990%,-12.2550%,14.6970%,-12.2550%,-35.0931%,-34.3904%
HUBB,HUBBELL INCORPORATED (XNYS:HUBB),2.4532%,7.8955%,2.7210%,-17.0850%,17.6090%,-17.0850%,-43.1454%,-20.0905%
HUM,HUMANA INC. (XNYS:HUM),-0.5924%,9.7890%,0.4650%,-20.2930%,35.8880%,-20.2930%,188.5649%,67.1184%
HWM,HOWMET AEROSPACE INC. (XNYS:HWM),4.9559%,9.4217%,2.9910%,-10.2320%,33.9690%,-10.2320%,144.7715%,111.6194%
IBKR,"INTERACTIVE BROKERS GROUP, INC. (XNAS:IBKR)",3.8199%,10.8945%,3.2650%,-25.9530%,29.5200%,-25.9530%,56.7039%,14.9092%
IBM,INTERNATIONAL BUSINESS MACHINES CORPORATION (XNYS:IBM),1.8509%,7.4501%,1.8690%,-15.3150%,16.3170%,-15.3150%,-48.0994%,-4.6620%
ICE,"INTERCONTINENTAL EXCHANGE, INC. (XNYS:ICE)",1.0095%,6.7924%,1.2370%,-24.7850%,17.9200%,-24.7850%,264.5983%,-61.7321%
IDXX,"IDEXX LABORATORIES, INC. (XNAS:IDXX)",1.3552%,10.5244%,0.8170%,-33.7530%,25.4450%,-33.7530%,135.9875%,-16.7179%
IEX,IDEX CORPORATION (XNYS:IEX),0.3313%,6.8132%,0.6610%,-16.4350%,15.3930%,-16.4350%,-37.4224%,-0.6605%
IFF,INTERNATIONAL FLAVORS & FRAGRANCES INC. (XNYS:IFF),-0.4033%,8.1484%,0.6630%,-17.9260%,14.4930%,-17.9260%,-30.1333%,-41.0455%
INCY,INCYTE CORPORATION (XNAS:INCY),0.5244%,9.0763%,-0.5270%,-14.2200%,25.3170%,-14.2200%,27.5165%,70.1658%
INTC,INTEL CORPORATION (XNAS:INTC),1.8541%,14.1138%,0.8140%,-37.7200%,53.6960%,-37.7200%,277.2379%,49.1983%
INTU,INTUIT INC. (XNAS:INTU),1.3130%,9.0046%,1.0660%,-19.2460%,23.0190%,-19.2460%,13.1531%,13.7405%
INVH,INVITATION HOMES INC. (XNYS:INVH),0.3261%,6.1674%,0.2910%,-11.8730%,18.1600%,-11.8730%,22.8251%,42.9010%
IP,INTERNATIONAL PAPER COMPANY (XNYS:IP),0.7976%,9.6697%,-0.4530%,-22.8930%,28.5270%,-22.8930%,98.9572%,55.1658%
IQV,IQVIA HOLDINGS INC (XNYS:IQV),1.0547%,9.2781%,2.2770%,-22.2910%,20.5460%,-22.2910%,-46.1745%,-15.7289%
IR,INGERSOLL RAND INC. (XNYS:IR),1.7344%,8.2157%,1.7020%,-12.8710%,22.3300%,-12.8710%,-14.8475%,29.6478%
IRM,IRON MOUNTAIN INCORPORATED (XNYS:IRM),2.7674%,8.5512%,5.3960%,-17.3530%,16.1820%,-17.3530%,-79.0387%,-46.5957%
ISRG,"INTUITIVE SURGICAL, INC. (XNAS:ISRG)",1.9260%,10.1186%,1.5070%,-26.4090%,27.9150%,-26.4090%,109.7451%,8.5796%
IT,"GARTNER, INC. (XNYS:IT)",1.7422%,10.4330%,1.7280%,-29.6850%,35.4190%,-29.6850%,184.4240%,21.8609%
ITW,ILLINOIS TOOL WORKS INC. (XNYS:ITW),0.9290%,6.2310%,-0.0940%,-4.2650%,19.0980%,-10.9470%,22.8129%,59.0532%
IVZ,INVESCO LTD (XNYS:IVZ),2.1685%,11.0071%,1.3000%,-20.8070%,37.0960%,-20.8070%,57.0392%,50.4965%
J,JACOBS SOLUTIONS INC. (XNYS:J),1.3668%,6.2595%,0.8250%,-13.4740%,17.6920%,-13.4740%,64.4914%,31.0159%
JBHT,"J. B. HUNT TRANSPORT SERVICES, INC. (XNAS:JBHT)",1.5926%,8.8027%,1.5100%,-16.8280%,21.4180%,-16.8280%,-28.2319%,22.0257%
JBL,JABIL INC. (XNYS:JBL),4.9826%,10.3318%,4.7330%,-14.4000%,27.3770%,-14.4000%,-60.8495%,18.0950%
JCI,JOHNSON CONTROLS INTERNATIONAL PUBLIC LIMITED COMPANY (XNYS:JCI),2.3092%,9.4208%,2.6880%,-19.8980%,29.6420%,-19.8980%,113.7360%,33.6852%
JKHY,"JACK HENRY & ASSOCIATES, INC. (XNAS:JKHY)",0.3409%,6.1044%,-0.0630%,-12.7640%,16.4300%,-12.7640%,18.2234%,46.8952%
JNJ,JOHNSON & JOHNSON (XNYS:JNJ),0.5862%,5.0707%,0.3270%,-9.2830%,10.5440%,-9.2830%,-76.9850%,-3.5438%
JPM,JPMORGAN CHASE & CO. (XNYS:JPM),2.3864%,6.9401%,2.7030%,-15.5150%,25.0530%,-15.5150%,127.6620%,24.2517%
KDP,KEURIG DR PEPPER INC. (XNAS:KDP),0.0948%,6.1997%,-0.6530%,-22.0530%,13.1540%,-22.0530%,156.9990%,-48.8414%
KEY,KEYCORP (XNYS:KEY),1.9530%,11.6155%,0.5120%,-31.6590%,34.4390%,-31.6590%,128.3552%,31.5073%
KEYS,"KEYSIGHT TECHNOLOGIES, INC. (XNYS:KEYS)",1.5483%,9.0181%,2.3360%,-19.5150%,22.8500%,-19.5150%,-14.4569%,-16.7499%
KHC,THE KRAFT HEINZ COMPANY (XNAS:KHC),-0.2967%,6.6775%,-0.6200%,-16.7240%,14.0030%,-16.7240%,-24.8292%,1.0272%
KIM,KIMCO REALTY CORPORATION. (XNYS:KIM),1.1732%,6.9299%,-0.2660%,-12.2470%,18.8500%,-12.2470%,11.4833%,76.2437%
KKR,KKR & CO. INC. (XNYS:KKR),3.0212%,11.8409%,3.7530%,-26.2790%,38.3920%,-26.2790%,80.8310%,19.7755%
KLAC,KLA Corporation (XNAS:KLAC),4.4466%,10.9861%,4.0510%,-14.3380%,33.5790%,-14.3380%,-44.0610%,38.4598%
KMB,KIMBERLY-CLARK CORPORATION (XNAS:KMB),-0.4112%,5.5216%,-1.2000%,-13.3540%,10.9830%,-13.3540%,-21.1761%,-0.8951%
KMI,"KINDER MORGAN, INC. (XNYS:KMI)",1.9218%,5.9759%,1.2210%,-12.7520%,15.5480%,-12.7520%,3.8500%,11.1998%
KO,THE COCA-COLA COMPANY (XNYS:KO),0.6339%,4.8652%,1.0210%,-10.8590%,15.2290%,-10.8590%,75.4896%,24.6256%
KR,THE KROGER CO. (XNYS:KR),1.5394%,7.0366%,0.4150%,-15.3910%,24.8380%,-15.3910%,125.1579%,59.6985%
KVUE,KENVUE INC. (XNYS:KVUE),-0.5641%,6.3763%,0.0000%,0.0000%,19.5620%,-19.4840%,239.7144%,12.7036%
L,LOEWS CORPORATION (XNYS:L),1.6730%,4.2698%,1.2630%,-8.3620%,11.4450%,-8.3620%,13.4264%,19.8191%
LDOS,"LEIDOS HOLDINGS, INC. (XNYS:LDOS)",1.6532%,7.7117%,0.9450%,3.2840%,21.0070%,-12.8920%,44.1061%,46.2011%
LEN,LENNAR CORPORATION (XNYS:LEN),1.2717%,10.8343%,0.4300%,-22.2620%,26.7750%,-22.2620%,-9.6120%,37.9318%
LH,LABCORP HOLDINGS INC. (XNYS:LH),0.8536%,6.7008%,-0.3190%,-13.9020%,14.1390%,-13.9020%,-83.8482%,5.6681%
LHX,"L3HARRIS TECHNOLOGIES, INC. (XNYS:LHX)",1.5256%,6.0928%,0.9710%,-13.5430%,18.9200%,-13.5430%,100.8394%,43.6343%
LII,LENNOX INTERNATIONAL INC. (XNYS:LII),2.1640%,8.4558%,3.3850%,-18.8730%,17.4300%,-18.8730%,-25.2269%,-28.3042%
LIN,LINDE PUBLIC LIMITED COMPANY (XNAS:LIN),1.3213%,6.2271%,0.3920%,-13.9860%,15.0060%,-13.9860%,3.8040%,14.1960%
LLY,ELI LILLY AND COMPANY (XNYS:LLY),3.3899%,9.9501%,3.2550%,-18.5150%,24.5730%,-18.5150%,-32.4540%,15.9535%
LMT,LOCKHEED MARTIN CORPORATION (XNYS:LMT),1.1586%,6.6443%,0.4850%,-11.3740%,24.6910%,-11.3740%,226.5005%,107.2830%
LNT,ALLIANT ENERGY CORPORATION (XNAS:LNT),0.6336%,5.0669%,1.2900%,-19.2550%,11.6140%,-19.2550%,280.3560%,-91.9622%
LOW,"LOWE'S COMPANIES, INC. (XNYS:LOW)",1.3726%,8.0126%,0.9450%,0.8700%,25.1800%,-12.7650%,21.1910%,46.3487%
LRCX,LAM RESEARCH CORPORATION (XNAS:LRCX),4.2042%,13.0329%,2.9540%,-19.4790%,33.5530%,-19.4790%,-57.6524%,24.8907%
LULU,LULULEMON ATHLETICA INC. (XNAS:LULU),0.3025%,12.2324%,0.9910%,-29.2340%,23.7690%,-29.2340%,-60.0921%,0.7216%
LUV,SOUTHWEST AIRLINES CO. (XNYS:LUV),0.8693%,11.0827%,1.3430%,-22.0300%,25.7160%,-22.0300%,-15.9722%,29.3393%
LVS,LAS VEGAS SANDS CORP. (XNYS:LVS),1.2392%,11.9272%,0.3910%,-24.1260%,31.7880%,-24.1260%,23.4290%,41.0458%
LW,"LAMB WESTON HOLDINGS, INC. (XNYS:LW)",-1.1664%,11.8779%,-0.4870%,-33.1640%,30.1220%,-33.1640%,54.4068%,-33.2121%
LYB,LyondellBasell Industries NV (XNYS:LYB),-0.3022%,7.4967%,-1.1270%,-23.4390%,18.2100%,-23.4390%,116.5497%,-17.4139%
LYV,"LIVE NATION ENTERTAINMENT, INC. (XNYS:LYV)",2.2912%,9.9070%,1.7890%,-19.9660%,25.3920%,-19.9660%,-35.9198%,-5.8487%
MA,MANILA MINING CORPORATION (XPHS:MA),1.1427%,21.2327%,-3.3330%,0.0000%,82.3530%,-30.6670%,486.1636%,197.9098%
MAA,"MID-AMERICA APARTMENT COMMUNITIES, INC. (XNYS:MAA)",0.3429%,6.0328%,0.6270%,-13.4870%,10.2740%,-13.4870%,-57.2423%,-33.4954%
MAR,"MARRIOTT INTERNATIONAL, INC. (XNAS:MAR)",2.1734%,7.5659%,0.9380%,-16.2350%,18.1130%,-16.2350%,-6.1499%,13.5565%
MAS,MASCO CORPORATION (XNYS:MAS),0.7880%,8.7006%,-0.5110%,-12.5770%,21.7870%,-12.5770%,-69.5293%,39.9056%
MCD,MCDONALD'S CORPORATION (XNYS:MCD),0.7525%,5.5975%,0.1510%,-12.7620%,19.0170%,-12.7620%,134.8525%,49.7739%
MCHP,MICROCHIP TECHNOLOGY INCORPORATED (XNAS:MCHP),1.8140%,12.2127%,-0.8520%,-27.9250%,45.7210%,-27.9250%,187.4605%,83.9035%
MCK,MCKESSON CORPORATION (XNYS:MCK),3.1300%,6.1098%,2.5910%,-8.8420%,22.3860%,-8.8420%,70.3166%,65.6533%
MCO,MOODY'S CORPORATION (XNYS:MCO),1.3325%,7.6350%,2.1710%,-13.6920%,22.8760%,-13.6920%,-9.0293%,12.5056%
MDLZ,"Mondelez International, Inc. (XNAS:MDLZ)",0.3307%,6.0991%,0.2790%,-11.7880%,15.3020%,-11.7880%,-37.3349%,27.6382%
MDT,MEDTRONIC PUBLIC LIMITED COMPANY (XNYS:MDT),-0.2801%,5.8736%,0.0250%,-13.5040%,15.2100%,-13.5040%,29.2318%,36.8481%
MET,"METLIFE, INC. (XNYS:MET)",1.5344%,7.2761%,0.8080%,-19.3490%,21.9320%,-19.3490%,81.0290%,26.3791%
META,"Meta Platforms, Inc. (XNAS:META)",2.6569%,13.9468%,3.6410%,-33.0850%,55.0020%,-33.0850%,289.7276%,42.7331%
MGM,MGM RESORTS INTERNATIONAL (XNYS:MGM),1.2060%,10.4261%,-0.5480%,-5.6330%,24.3960%,-21.0750%,-69.4857%,21.7988%
MKC,"MCCORMICK & COMPANY, INCORPORATED (XNYS:MKC)",-0.1589%,6.5605%,-1.3040%,-17.7270%,12.8230%,-17.7270%,-32.2575%,-0.0197%
MLM,"MARTIN MARIETTA MATERIALS, INC. (XNYS:MLM)",2.3333%,7.5274%,2.1240%,-15.5430%,20.2260%,-15.5430%,-11.1234%,11.4117%
MMC,"MARSH & MCLENNAN COMPANIES, INC. (XNYS:MRSH)",0.7011%,4.9371%,1.3610%,-11.8340%,10.2750%,-11.8340%,-28.9828%,-35.9409%
MMM,3M COMPANY (XNYS:MMM),1.1423%,8.7275%,-0.1280%,0.3080%,25.6250%,-15.0730%,36.3197%,62.7616%
MNST,MONSTER BEVERAGE CORPORATION (XNAS:MNST),1.2976%,6.9508%,0.2660%,-13.1330%,16.3650%,-13.1330%,-62.5422%,-3.6492%
MO,"Altria Group, Inc. (XNYS:MO)",1.6460%,6.4271%,1.1590%,-15.1610%,16.6320%,-15.1610%,37.6619%,17.5203%
MOH,"MOLINA HEALTHCARE, INC. (XNYS:MOH)",0.2103%,10.2166%,0.9980%,-38.6260%,19.9260%,-38.6260%,312.3236%,-105.2952%
MOS,THE MOSAIC COMPANY (XNYS:MOS),1.6811%,12.0077%,-0.8760%,-15.4180%,41.2730%,-15.4180%,86.5275%,94.8366%
MPC,MARATHON PETROLEUM CORPORATION (XNYS:MPC),3.3239%,10.1953%,3.5400%,-23.1400%,24.5770%,-23.1400%,11.6573%,-25.0138%
MPWR,"MONOLITHIC POWER SYSTEMS, INC. (XNAS:MPWR)",3.2006%,14.6353%,1.2750%,-36.6130%,45.8640%,-36.6130%,88.7454%,37.8963%
MRK,"MERCK & CO., INC. (XNYS:MRK)",0.9006%,6.6936%,1.7200%,-17.5210%,15.1880%,-17.5210%,-8.5118%,-18.9031%
MRNA,"MODERNA, INC. (XNAS:MRNA)",1.3588%,23.9436%,-1.0000%,-35.8180%,67.4240%,-35.8180%,64.2833%,82.0101%
MS,MORGAN STANLEY (XNYS:MS),2.3826%,8.0832%,1.0150%,-18.1830%,16.9490%,-18.1830%,-27.2142%,-20.3339%
MSCI,MSCI INC. (XNYS:MSCI),0.8899%,8.7956%,0.4900%,-21.3930%,21.9830%,-21.3930%,25.6342%,5.6011%
MSFT,MICROSOFT CORPORATION (XNAS:MSFT),1.6401%,6.8379%,1.0000%,-11.2110%,22.4050%,-11.2110%,40.5646%,54.8390%
MSI,"MOTOROLA SOLUTIONS, INC. (XNYS:MSI)",2.0348%,6.9562%,3.0290%,-16.7260%,19.4320%,-16.7260%,91.4854%,-25.4743%
MTB,M&T BANK CORPORATION (XNYS:MTB),1.9929%,8.9879%,1.8090%,-23.4160%,21.8190%,-23.4160%,38.4920%,-0.4347%
MTCH,"MATCH GROUP, INC. (XNAS:MTCH)",-1.6581%,11.8685%,-1.1680%,-32.0580%,22.6910%,-32.0580%,-24.4065%,-25.9038%
MTD,METTLER-TOLEDO INTERNATIONAL INC. (XNYS:MTD),1.2652%,8.8440%,-0.0410%,-18.3130%,24.4830%,-18.3130%,-20.6421%,23.0382%
MU,"MICRON TECHNOLOGY, INC. (XNAS:MU)",4.0752%,15.5532%,1.5750%,-31.7390%,40.2210%,-31.7390%,-4.4329%,49.5820%
NCLH,NORWEGIAN CRUISE LINE HOLDINGS LTD. (XNYS:NCLH),3.0528%,17.7414%,1.8550%,-25.9980%,50.3450%,-25.9980%,4.9408%,57.8364%
NDAQ,"NASDAQ, INC. (XNAS:NDAQ)",1.6842%,7.0780%,1.7120%,-16.2870%,17.4620%,-16.2870%,11.9157%,-11.9012%
NDSN,NORDSON CORPORATION (XNAS:NDSN),1.1099%,6.5882%,1.3540%,-17.6820%,14.2670%,-17.6820%,6.1571%,-34.0509%
NEE,"NEXTERA ENERGY, INC. (XNYS:NEE)",-0.0707%,7.9363%,0.4870%,-18.5840%,19.1450%,-18.5840%,17.6140%,-8.6758%
NEM,NEWMONT CORPORATION (XNYS:NEM),2.0252%,11.6546%,1.7620%,-26.8110%,26.5320%,-26.8110%,-15.8909%,-13.1081%
NFLX,"NETFLIX, INC. (XNAS:NFLX)",1.8661%,13.0147%,3.3120%,-51.5440%,26.0240%,-51.5440%,401.1915%,-118.1644%
NI,NISOURCE INC. (XNYS:NI),1.2230%,5.0137%,1.4990%,-17.0560%,13.0380%,-17.0560%,209.1534%,-60.7223%
NKE,"NIKE, INC. (XNYS:NKE)",-1.2214%,10.3746%,-2.9410%,-25.3340%,22.0250%,-25.3340%,10.4818%,27.0904%
NOC,NORTHROP GRUMMAN CORPORATION (XNYS:NOC),1.9453%,7.0179%,1.4310%,-19.2390%,17.9990%,-19.2390%,75.9753%,-13.0007%
NOW,"SERVICENOW, INC. (XNYS:NOW)",1.0320%,10.8619%,0.1990%,-20.1270%,30.0730%,-20.1270%,14.6108%,41.6796%
NRG,"NRG ENERGY, INC. (XNYS:NRG)",3.5204%,12.1789%,2.5890%,-22.8610%,61.2710%,-22.8610%,765.6292%,180.4239%
NSC,NORFOLK SOUTHERN CORPORATION (XNYS:NSC),0.9548%,7.3114%,1.0580%,-12.7950%,22.7280%,-12.7950%,2.3448%,39.3184%
NTAP,"NETAPP, INC. (XNAS:NTAP)",2.1246%,8.8370%,0.1750%,-22.5180%,27.1130%,-22.5180%,87.3911%,49.9702%
NTRS,NORTHERN TRUST CORPORATION (XNAS:NTRS),2.0147%,8.1536%,1.8480%,-17.1340%,26.3460%,-17.1340%,62.6229%,36.1715%
NUE,NUCOR CORPORATION (XNYS:NUE),3.1055%,13.2077%,0.9000%,-20.7370%,34.0030%,-20.7370%,-23.4618%,66.4946%
NVDA,NVIDIA CORPORATION (XNAS:NVDA),6.0491%,16.2640%,3.7630%,-30.0880%,44.3820%,-30.0880%,-4.7018%,36.5570%
NVR,"NVR, Inc. (XNYS:NVR)",1.5274%,7.6766%,0.9710%,-13.4840%,19.5930%,-13.4840%,-30.8984%,19.7579%
NWS,NEWS CORPORATION (XNAS:NWS),1.9049%,8.5336%,1.5460%,-24.2040%,29.4050%,-24.2040%,197.7714%,12.0993%
NWSA,NEWS CORPORATION (XNAS:NWSA),1.6876%,8.5010%,1.4350%,-21.9790%,27.3220%,-21.9790%,142.1985%,25.1892%
NXPI,NXP Semiconductors NV (XNAS:NXPI),1.6522%,10.0548%,-0.1540%,-17.1810%,28.8440%,-17.1810%,-16.1968%,54.0860%
O,REALTY INCOME CORPORATION (XNYS:O),0.1464%,5.6002%,1.1630%,-14.2710%,11.4290%,-14.2710%,-31.8943%,-33.8488%
ODFL,"OLD DOMINION FREIGHT LINE, INC. (XNAS:ODFL)",1.6737%,10.9764%,0.8520%,-19.9280%,30.9080%,-19.9280%,43.1670%,39.4012%
OKE,"ONEOK, INC. (XNYS:OKE)",1.9037%,7.5873%,1.6740%,-12.2340%,20.4480%,-12.2340%,24.3873%,45.3293%
OMC,OMNICOM GROUP INC. (XNYS:OMC),1.1433%,6.6985%,0.3390%,-11.4080%,18.0630%,-11.4080%,-49.8586%,37.8290%
ON,ON SEMICONDUCTOR CORPORATION (XNAS:ON),2.7116%,12.8167%,1.1430%,-14.6080%,44.3850%,-19.7960%,76.4981%,64.7215%
ORCL,ORACLE CORPORATION (XNYS:ORCL),2.8588%,10.4610%,4.2590%,-23.9320%,27.8400%,-23.9320%,19.1978%,9.7255%
ORLY,"O'Reilly Automotive, Inc. (XNAS:ORLY)",2.1367%,5.9639%,2.6360%,3.5000%,15.9790%,-10.5860%,-33.6207%,-23.4272%
OTIS,OTIS WORLDWIDE CORPORATION (XNYS:OTIS),0.8866%,6.0162%,0.9210%,-12.1790%,14.7650%,-12.1790%,-24.0841%,12.9338%
OXY,OCCIDENTAL PETROLEUM CORPORATION (XNYS:OXY),2.8563%,12.1891%,1.4980%,-21.2620%,42.0340%,-21.2620%,287.4154%,142.1414%
PANW,"PALO ALTO NETWORKS, INC. (XNAS:PANW)",2.6664%,9.5889%,1.7990%,-19.1960%,25.6280%,-19.1960%,33.5039%,11.5651%
PAYC,"PAYCOM SOFTWARE, INC. (XNYS:PAYC)",-0.7854%,11.8907%,-0.5120%,-22.7140%,38.8390%,-22.7140%,119.9524%,72.4762%
PAYX,"PAYCHEX, INC. (XNAS:PAYX)",0.4792%,6.0496%,0.5670%,-12.1540%,16.7370%,-12.1540%,5.4413%,22.6030%
PCAR,PACCAR INC (XNAS:PCAR),1.8066%,7.4167%,1.2620%,-11.1280%,18.4370%,-11.1280%,-56.5245%,29.8319%
PCG,PG&E CORPORATION (XNYS:PCG),1.8353%,8.4880%,2.0950%,-22.3840%,22.4800%,-22.3840%,95.1323%,5.2881%
PEG,PUBLIC SERVICE ENTERPRISE GROUP INCORPORATED (XNYS:PEG),0.8015%,4.8780%,0.1080%,-13.5760%,14.1470%,-13.5760%,53.5953%,2.9629%
PEP,"PEPSICO, INC. (XNAS:PEP)",0.0110%,4.9885%,0.8930%,-10.8760%,9.9700%,-10.8760%,-57.1230%,-15.5785%
PFE,PFIZER INC. (XNYS:PFE),-0.2446%,7.2280%,-0.4150%,-14.0120%,22.3930%,-14.0120%,47.2687%,51.8655%
PFG,"PRINCIPAL FINANCIAL GROUP, INC. (XNAS:PFG)",1.4793%,7.5807%,2.0410%,-16.3910%,24.5740%,-16.3910%,53.1954%,14.8134%
PG,THE PROCTER & GAMBLE COMPANY (XNYS:PG),0.5012%,4.4750%,0.5870%,-11.3350%,11.3810%,-11.3350%,25.6381%,-17.1051%
PGR,THE PROGRESSIVE CORPORATION (XNYS:PGR),1.5292%,6.7484%,1.8640%,-12.6850%,14.6610%,-12.6850%,-88.8535%,-15.9956%
PH,PARKER-HANNIFIN CORPORATION (XNYS:PH),3.0231%,8.2457%,1.9650%,-11.1600%,23.3460%,-11.1600%,-36.8400%,56.3152%
PHM,"PULTEGROUP, INC. (XNYS:PHM)",2.7602%,10.3323%,2.0850%,-17.6220%,29.1460%,-17.6220%,-11.7355%,31.7079%
PKG,PACKAGING CORPORATION OF AMERICA (XNYS:PKG),1.4463%,7.1016%,2.1420%,2.8390%,18.6310%,-16.4570%,-17.8460%,-3.3779%
PLD,"PROLOGIS, INC. (XNYS:PLD)",1.1037%,8.6385%,1.7150%,-19.0950%,21.5170%,-19.0950%,-14.5219%,-13.7831%
PLTR,PALANTIR TECHNOLOGIES INC. (XNAS:PLTR),6.0325%,21.4813%,5.5420%,-31.4530%,95.9510%,-31.4530%,393.4229%,116.0646%
PM,Philip Morris International Inc. (XNYS:PM),1.7727%,6.5027%,1.3640%,-14.2100%,21.3070%,-14.2100%,49.8801%,21.7544%
PNC,"THE PNC FINANCIAL SERVICES GROUP, INC. (XNYS:PNC)",1.6907%,8.3616%,1.2870%,-19.8060%,24.9550%,-19.8060%,37.0452%,10.9472%
PNR,PENTAIR PUBLIC LIMITED COMPANY (XNYS:PNR),1.9364%,8.8937%,1.0890%,-18.1020%,31.9920%,-18.1020%,103.0052%,59.1966%
PNW,PINNACLE WEST CAPITAL CORPORATION (XNYS:PNW),0.3296%,6.0412%,0.9300%,-6.5560%,14.3780%,-18.5850%,93.7228%,-45.9450%
PODD,INSULET CORPORATION (XNAS:PODD),1.3161%,13.4604%,0.5850%,-31.4940%,44.0380%,-31.4940%,160.3200%,66.0100%
POOL,POOL CORPORATION (XNAS:POOL),-0.0670%,9.6821%,-1.2930%,-20.7390%,33.4870%,-20.7390%,131.3258%,71.4316%
PPG,"PPG INDUSTRIES, INC. (XNYS:PPG)",0.1909%,7.6091%,-0.2270%,-21.4130%,20.2700%,-21.4130%,114.3213%,36.1441%
PPL,PPL CORPORATION (XNYS:PPL),0.4609%,5.1036%,0.7240%,-14.7200%,11.0760%,-14.7200%,62.9376%,-46.2948%
PRU,"PRUDENTIAL FINANCIAL, INC. (XNYS:PRU)",1.3178%,7.2605%,0.2910%,-16.4580%,22.4760%,-16.4580%,46.6647%,40.8590%
PSA,PUBLIC STORAGE. (XNYS:PSA),0.6461%,6.5785%,0.9590%,-15.0390%,14.6620%,-15.0390%,-9.2309%,-13.6502%
PSKY,PARAMOUNT SKYDANCE CORPORATION (XNAS:PSKY),0.5843%,19.0144%,-2.0810%,-43.5880%,75.6850%,-43.5880%,427.1590%,152.2148%
PSX,PHILLIPS 66 (XNYS:PSX),1.9719%,10.3270%,0.5050%,-22.8580%,28.1960%,-22.8580%,37.2153%,19.5288%
PTC,PTC INC. (XNAS:PTC),1.1942%,7.7903%,0.1610%,-14.4530%,18.7760%,-14.4530%,-22.3639%,43.9726%
PWR,"QUANTA SERVICES, INC. (XNYS:PWR)",4.1352%,10.0437%,4.2260%,-24.7660%,25.5000%,-24.7660%,9.7754%,-21.6380%
PYPL,"PAYPAL HOLDINGS, INC. (XNAS:PYPL)",-1.0433%,12.4951%,-1.2770%,-33.1420%,33.5010%,-33.1420%,56.1010%,8.6796%
Q,"QNITY ELECTRONICS, INC. (XNYS:Q)",0.1486%,1.8436%,0.0000%,0.0000%,13.5930%,-4.5280%,4970.4047%,640.1171%
QCOM,QUALCOMM INCORPORATED (XNAS:QCOM),0.6507%,10.6786%,0.0520%,-15.7590%,33.4520%,-15.7590%,82.2277%,85.0988%
RCL,ROYAL CARIBBEAN CRUISES LTD. (XNYS:RCL),4.8634%,15.3503%,4.6120%,-24.7210%,44.3270%,-24.7210%,-4.2485%,36.7314%
REG,REGENCY CENTERS CORPORATION (XNAS:REG),1.3760%,6.2215%,0.0300%,-10.1850%,20.4440%,-10.1850%,100.8043%,101.1124%
REGN,"REGENERON PHARMACEUTICALS, INC. (XNAS:REGN)",1.7241%,9.3841%,2.9460%,-25.5060%,24.4140%,-25.5060%,98.6913%,-39.7591%
RF,REGIONS FINANCIAL CORPORATION (XNYS:RF),2.3385%,10.0269%,1.6880%,-19.8960%,25.4100%,-19.8960%,-52.8267%,6.6113%
RJF,"RAYMOND JAMES FINANCIAL, INC. (XNYS:RJF)",2.7044%,8.1802%,2.8690%,-13.4550%,21.8780%,-13.4550%,-38.1662%,-0.7393%
RL,RALPH LAUREN CORPORATION (XNYS:RL),3.0033%,10.3109%,1.6270%,-20.7340%,32.7260%,-20.7340%,82.1337%,57.6194%
RMD,RESMED INC. (XNYS:RMD),0.9579%,9.0976%,0.9510%,-28.6690%,19.2400%,-28.6690%,75.4822%,-43.9013%
ROK,"ROCKWELL AUTOMATION, INC. (XNYS:ROK)",1.7761%,9.1935%,1.6190%,-24.5960%,31.5340%,-24.5960%,234.9235%,35.8453%
ROL,"ROLLINS, INC. (XNYS:ROL)",0.9743%,6.7941%,1.7740%,-12.5230%,20.8480%,-12.5230%,10.1957%,4.4224%
ROP,"ROPER TECHNOLOGIES, INC. (XNAS:ROP)",0.0117%,5.2581%,-0.4050%,-11.6900%,13.6700%,-11.6900%,9.6824%,33.4570%
ROST,"ROSS STORES, INC. (XNAS:ROST)",1.2742%,8.4585%,-0.0880%,-17.6060%,24.8030%,-17.6060%,19.5462%,19.1145%
RSG,"REPUBLIC SERVICES, INC. (XNYS:RSG)",1.3991%,4.8815%,1.3810%,-9.4960%,12.2740%,-9.4960%,-29.5361%,-11.7772%
RTX,RTX CORPORATION (XNYS:RTX),2.4627%,5.9885%,2.6930%,-15.0190%,16.3210%,-15.0190%,30.5778%,-17.5874%
RVTY,"REVVITY, INC. (XNYS:RVTY)",-0.0287%,8.1362%,0.5360%,-17.9520%,19.7520%,-17.9520%,-20.0005%,16.0872%
SBAC,SBA Communications Corporation (XNAS:SBAC),-0.1290%,7.5274%,-0.2240%,-17.5390%,22.8220%,-17.5390%,61.9394%,20.1861%
SBUX,STARBUCKS CORPORATION (XNAS:SBUX),-0.1077%,7.7484%,0.5380%,-18.7830%,20.6080%,-18.7830%,67.5834%,-7.3911%
SCHW,THE CHARLES SCHWAB CORPORATION (XNYS:SCHW),2.5192%,9.6733%,3.0240%,-35.0120%,26.0180%,-35.0120%,339.3366%,-67.4613%
SHW,THE SHERWIN-WILLIAMS COMPANY (XNYS:SHW),1.1278%,8.2739%,-0.1880%,-19.9990%,19.6160%,-19.9990%,-16.7885%,3.0235%
SJM,THE J. M. SMUCKER COMPANY (XNYS:SJM),0.2449%,6.2383%,0.5270%,-14.5920%,13.4270%,-14.5920%,-14.2233%,-34.6377%
SLB,SLB N.V. (XNYS:SLB),2.6951%,11.9670%,2.0330%,-27.3040%,47.9110%,-27.3040%,258.3161%,87.6504%
SMCI,"SUPER MICRO COMPUTER, INC. (XNAS:SMCI)",9.0104%,26.1482%,3.3740%,-31.1010%,81.3790%,-31.1010%,51.2026%,93.4124%
SNA,SNAP-ON INCORPORATED (XNYS:SNA),2.1674%,6.4540%,1.0940%,-7.9560%,17.8880%,-7.9560%,-53.8264%,49.8359%
SNDK,SANDISK CORPORATION (XNAS:SNDK),7.2127%,27.0962%,0.0000%,0.0000%,129.4790%,-42.9220%,1168.5676%,329.4405%
SNPS,"SYNOPSYS, INC. (XNAS:SNPS)",1.9547%,11.4732%,2.2710%,-19.8100%,24.2540%,-19.8100%,-94.5926%,9.7560%
SO,THE SOUTHERN COMPANY (XNYS:SO),0.6819%,5.3532%,0.7900%,-17.6580%,13.1840%,-17.6580%,105.3816%,-49.0709%
SOLV,SOLVENTUM CORPORATION (XNYS:SOLV),0.6946%,4.4855%,0.0000%,0.0000%,17.7610%,-12.5230%,524.8334%,112.9397%
SPG,"SIMON PROPERTY GROUP, INC. (XNYS:SPG)",2.3971%,9.6406%,2.3840%,-12.4020%,28.7690%,-12.4020%,85.2371%,96.7381%
SPGI,S&P Global Inc. (XNYS:SPGI),1.0750%,7.2631%,1.9240%,-15.2300%,23.2190%,-15.2300%,41.5642%,2.2520%
SRE,SEMPRA (XNYS:SRE),0.9967%,6.0229%,1.4950%,-17.3130%,13.1650%,-17.3130%,49.1668%,-29.2690%
STE,STERIS PUBLIC LIMITED COMPANY (XNYS:STE),0.5661%,7.1460%,0.3610%,-14.5500%,18.5930%,-14.5500%,-38.8415%,31.1289%
STLD,"STEEL DYNAMICS, INC. (XNAS:STLD)",4.0146%,11.3280%,2.6820%,-17.0150%,34.4610%,-17.0150%,23.3201%,66.9152%
STT,STATE STREET CORPORATION (XNYS:STT),2.2309%,8.3567%,1.3530%,-18.2730%,24.0750%,-18.2730%,47.6216%,14.8300%
STX,SEAGATE TECHNOLOGY HOLDINGS PUBLIC LIMITED COMPANY (XNAS:STX),4.4564%,14.2668%,2.9590%,-19.6740%,48.7730%,-19.6740%,99.4469%,72.8692%
STZ,"CONSTELLATION BRANDS, INC. (XNYS:STZ)",-0.2511%,6.8644%,-0.0830%,-20.9890%,12.4270%,-20.9890%,104.7222%,-77.6958%
SW,SMURFIT WESTROCK PUBLIC LIMITED COMPANY (XNYS:SW),0.9143%,9.9883%,1.0100%,0.0000%,27.7110%,-28.1110%,105.4963%,-2.9084%
SWK,"STANLEY BLACK & DECKER, INC. (XNYS:SWK)",-0.2057%,10.0027%,-0.7580%,-29.3440%,24.8940%,-29.3440%,18.4506%,0.8485%
SWKS,"SKYWORKS SOLUTIONS, INC. (XNAS:SWKS)",-0.4359%,10.2814%,-1.2030%,-26.3050%,23.9550%,-26.3050%,43.9998%,23.9336%
SYF,SYNCHRONY FINANCIAL (XNYS:SYF),2.9649%,10.0579%,4.2340%,-18.7710%,24.2280%,-18.7710%,-49.3963%,-6.1410%
SYK,STRYKER CORPORATION (XNYS:SYK),0.9720%,5.6542%,0.5610%,-10.7680%,15.8080%,-10.7680%,15.5459%,50.9264%
SYY,SYSCO CORPORATION (XNYS:SYY),0.1828%,5.4032%,-0.0810%,-1.6890%,16.3200%,-10.6340%,127.2027%,65.6679%
T,AT&T INC. (XNYS:T),0.4482%,7.0305%,0.3090%,-13.8900%,19.4260%,-13.8900%,27.9048%,28.3954%
TAP,MOLSON COORS BEVERAGE COMPANY (XNYS:TAP),-0.0133%,7.7975%,0.7560%,-16.7060%,25.5610%,-16.7060%,94.3067%,29.5483%
TDG,TRANSDIGM GROUP INCORPORATED (XNYS:TDG),2.1368%,7.1413%,2.2700%,-12.4310%,18.4630%,-12.4310%,-26.7205%,3.9137%
TDY,TELEDYNE TECHNOLOGIES INCORPORATED (XNYS:TDY),1.2200%,6.6264%,1.4580%,-14.0800%,17.0560%,-14.0800%,-17.5520%,-8.5029%
TECH,BIO-TECHNE CORPORATION (XNAS:TECH),0.4470%,10.5666%,-0.1560%,-22.6190%,30.0550%,-22.6190%,20.8239%,25.6841%
TEL,TE CONNECTIVITY PUBLIC LIMITED COMPANY (XNYS:TEL),1.7859%,7.4623%,1.4880%,-11.8930%,21.9130%,-11.8930%,24.6137%,56.3747%
TER,"TERADYNE, INC. (XNAS:TER)",2.8222%,14.4854%,1.4260%,-30.2820%,50.0570%,-30.2820%,85.4522%,51.6068%
TFC,Truist Financial Corporation (XNYS:TFC),1.2042%,8.9812%,1.1720%,-27.5700%,20.7390%,-27.5700%,74.1972%,-28.4953%
TGT,TARGET CORPORATION (XNYS:TGT),-0.4976%,10.0610%,-1.1210%,-28.4930%,25.6920%,-28.4930%,57.3342%,0.5580%
TJX,"THE TJX COMPANIES, INC. (XNYS:TJX)",2.0241%,5.7402%,2.0530%,-11.2030%,14.6010%,-11.2030%,0.0092%,-14.2268%
TKO,"TKO GROUP HOLDINGS, INC. (XNYS:TKO)",3.1682%,9.5924%,4.4100%,-26.0620%,30.9400%,-26.0620%,130.1526%,-25.1506%
TMO,THERMO FISHER SCIENTIFIC INCORPORATED (XNYS:TMO),0.8515%,7.9599%,1.6080%,-18.1110%,20.5520%,-18.1110%,-25.1890%,-7.0335%
TMUS,"T-MOBILE US, INC. (XNAS:TMUS)",0.7299%,6.4208%,0.4660%,-10.8680%,21.3200%,-10.8680%,51.7034%,45.8193%
TPL,TEXAS PACIFIC LAND CORPORATION (XNYS:TPL),4.4868%,16.7953%,0.1750%,-24.2100%,63.4340%,-24.2100%,196.1782%,120.5992%
TPR,"TAPESTRY, INC. (XNYS:TPR)",3.8830%,12.1502%,2.6630%,-21.6460%,31.0610%,-21.6460%,-53.2331%,20.2319%
TRGP,TARGA RESOURCES CORP. (XNYS:TRGP),4.0841%,9.4591%,3.0000%,-17.5480%,27.3790%,-17.5480%,-29.3383%,26.7467%
TRMB,TRIMBLE INC. (XNAS:TRMB),1.1452%,9.1434%,1.3280%,-19.1770%,21.1570%,-19.1770%,-0.9525%,11.7851%
TROW,"T. ROWE PRICE GROUP, INC. (XNAS:TROW)",0.0313%,8.6588%,0.2860%,-24.3800%,19.2420%,-24.3800%,40.5206%,-20.6873%
TRV,"The Travelers Companies, Inc. (XNYS:TRV)",1.5756%,5.7881%,0.9490%,-7.6910%,19.4910%,-7.6910%,42.3076%,63.8760%
TSCO,TRACTOR SUPPLY COMPANY (XNAS:TSCO),1.2863%,6.1987%,1.5960%,-12.1250%,14.0350%,-12.1250%,-54.3509%,-6.1473%
TSLA,"TESLA, INC. (XNAS:TSLA)",3.3688%,20.6994%,2.6630%,-36.7850%,59.7460%,-36.7850%,63.1198%,75.6275%
TSN,"TYSON FOODS, INCORPORATED (XNYS:TSN)",0.1385%,6.9212%,-0.0360%,-15.4060%,14.0980%,-15.4060%,-25.9027%,-18.4002%
TT,Trane Technologies plc (XNYS:TT),2.4610%,8.8200%,1.4120%,-21.4280%,27.0530%,-21.4280%,78.8837%,19.5620%
TTD,"THE TRADE DESK, INC. (XNAS:TTD)",0.0657%,17.8016%,1.3370%,-39.9300%,47.0160%,-39.9300%,15.4806%,18.1747%
TTWO,"TAKE-TWO INTERACTIVE SOFTWARE, INC. (XNAS:TTWO)",0.7377%,8.6304%,1.7700%,-24.7630%,21.1760%,-24.7630%,60.1859%,-25.6083%
TXN,TEXAS INSTRUMENTS INCORPORATED (XNAS:TXN),1.5281%,8.0598%,1.0330%,-15.8600%,24.7370%,-15.8600%,94.9424%,67.0658%
TXT,TEXTRON INC. (XNYS:TXT),1.6426%,7.0503%,0.3910%,-12.9020%,17.6710%,-12.9020%,-28.9918%,38.5609%
TYL,"TYLER TECHNOLOGIES, INC. (XNYS:TYL)",0.9760%,8.5843%,0.8430%,-18.0270%,25.4700%,-18.0270%,101.1658%,40.8688%
UAL,"UNITED AIRLINES HOLDINGS, INC. (XNAS:UAL)",3.3491%,14.4229%,2.5350%,-28.1890%,43.0710%,-28.1890%,35.4204%,56.6986%
UBER,"UBER TECHNOLOGIES, INC. (XNYS:UBER)",2.8770%,14.3133%,3.8530%,-27.5430%,50.0000%,-27.5430%,138.0977%,67.8222%
UDR,"UDR, INC. (XNYS:UDR)",0.2799%,6.3566%,0.6460%,-16.0640%,14.2590%,-16.0640%,32.3045%,-14.1159%
UHS,"UNIVERSAL HEALTH SERVICES, INC. (XNYS:UHS)",1.3537%,10.4669%,1.0750%,-16.5090%,28.9350%,-16.5090%,-3.7896%,41.3576%
ULTA,"ULTA BEAUTY, INC. (XNAS:ULTA)",1.6788%,8.5108%,1.0710%,-21.9040%,24.2610%,-21.9040%,63.5415%,-15.4839%
UNH,UNITEDHEALTH GROUP INCORPORATED (XNYS:UNH),-0.0509%,7.8642%,-0.0620%,-34.9120%,18.0550%,-34.9120%,569.1791%,-128.2137%
UNP,UNION PACIFIC CORPORATION (XNYS:UNP),0.5640%,6.1255%,-0.0130%,-12.6460%,18.3850%,-12.6460%,92.5141%,50.3026%
UPS,"UNITED PARCEL SERVICE, INC. (XNYS:UPS)",-0.3295%,8.5768%,-0.3710%,-18.8270%,22.9850%,-18.8270%,-5.3142%,19.7316%
URI,"UNITED RENTALS, INC. (XNYS:URI)",3.8474%,11.7983%,3.6880%,-16.7520%,32.3580%,-16.7520%,-41.5022%,22.0755%
USB,U.S. BANCORP (XNYS:USB),1.3368%,9.3372%,1.1790%,-24.3280%,28.5250%,-24.3280%,85.9859%,31.5468%
V,VISA INC. (XNYS:V),0.9027%,5.4850%,1.4940%,-13.8710%,11.8550%,-13.8710%,-18.9549%,-17.4063%
VICI,VICI PROPERTIES INC. (XNYS:VICI),0.3831%,5.1716%,0.0000%,-9.0940%,12.1420%,-9.0940%,-54.9384%,21.9793%
VLO,VALERO ENERGY CORPORATION (XNYS:VLO),3.2099%,11.6309%,2.7530%,-23.8270%,33.5390%,-23.8270%,24.0121%,11.0888%
VLTO,VERALTO CORPORATION (XNYS:VLTO),0.8950%,4.7062%,0.0000%,0.0000%,14.9620%,-8.5860%,222.1527%,122.3939%
VMC,VULCAN MATERIALS COMPANY (XNYS:VMC),2.0041%,7.4160%,2.2240%,-13.4510%,20.7410%,-13.4510%,-45.6712%,17.9392%
VRSK,"VERISK ANALYTICS, INC. (XNAS:VRSK)",0.4731%,6.9943%,0.5880%,-13.5440%,16.9530%,-13.5440%,-50.8047%,0.6671%
VRSN,"VERISIGN, INC. (XNAS:VRSN)",0.3221%,6.8253%,0.0220%,-23.6250%,16.3280%,-23.6250%,176.9067%,-39.9835%
VRTX,VERTEX PHARMACEUTICALS INCORPORATED (XNAS:VRTX),1.4854%,7.3225%,0.9570%,-14.6940%,17.4390%,-14.6940%,-14.0625%,-4.8854%
VST,VISTRA CORP. (XNYS:VST),5.0665%,15.1377%,3.7040%,-22.1160%,55.4980%,-22.1160%,171.6046%,101.4877%
VTR,"VENTAS, INC. (XNYS:VTR)",1.3235%,8.1780%,-0.1830%,-1.4040%,16.9300%,-20.3380%,-20.4863%,6.5527%
VTRS,VIATRIS INC. (XNAS:VTRS),0.8274%,11.1440%,0.3390%,-33.7740%,20.8200%,-33.7740%,18.6690%,-33.3323%
VZ,VERIZON COMMUNICATIONS INC. (XNYS:VZ),-0.6623%,5.4948%,-1.7090%,-12.9550%,15.3710%,-12.9550%,75.4736%,51.9045%
WAB,WESTINGHOUSE AIR BRAKE TECHNOLOGIES CORPORATION (XNYS:WAB),2.7748%,7.1313%,1.2700%,-11.6010%,17.7080%,-11.6010%,-43.2039%,45.1977%
WAT,WATERS CORPORATION (XNYS:WAT),1.2099%,9.0009%,1.6600%,-18.8950%,18.0140%,-18.8950%,-44.8927%,-29.9640%
WBD,"WARNER BROS. DISCOVERY, INC. (XNAS:WBD)",2.2345%,20.5377%,-3.6890%,-34.6300%,66.6280%,-34.6300%,233.0365%,139.7500%
WDAY,"WORKDAY, INC. (XNAS:WDAY)",0.2610%,10.1093%,-1.0120%,-20.3720%,32.4790%,-20.3720%,61.4357%,59.0203%
WDC,WESTERN DIGITAL CORPORATION (XNAS:WDC),5.1430%,15.4258%,4.0450%,-20.5490%,42.0600%,-20.5490%,-45.2887%,45.7207%
WEC,WEC ENERGY GROUP INC. (XNYS:WEC),0.5079%,5.0123%,0.8110%,-17.0180%,13.6240%,-17.0180%,189.2694%,-46.7580%
WELL,WELLTOWER INC. (XNYS:WELL),2.5718%,7.4227%,1.8450%,-22.7220%,16.8010%,-22.7220%,111.7978%,-47.7789%
WFC,WELLS FARGO & COMPANY (XNYS:WFC),3.3891%,8.9862%,1.7350%,-19.8200%,22.7580%,-19.8200%,-33.4164%,-13.5598%
WM,"WASTE MANAGEMENT, INC. (XNYS:WM)",1.1154%,5.0329%,1.2330%,-13.1040%,13.4820%,-13.1040%,30.4238%,-6.0447%
WMB,"THE WILLIAMS COMPANIES, INC. (XNYS:WMB)",2.6945%,6.7206%,2.3570%,-11.6550%,17.4350%,-11.6550%,-37.6852%,26.1015%
WMT,WALMART INC. (XNAS:WMT),1.8396%,5.7854%,2.3300%,-17.3590%,11.5930%,-17.3590%,200.5291%,-94.8820%
WRB,W. R. BERKLEY CORPORATION (XNYS:WRB),2.0055%,6.3128%,1.6490%,-11.1100%,16.5020%,-11.1100%,2.7468%,28.7475%
WSM,"WILLIAMS-SONOMA, INC. (XNYS:WSM)",3.6629%,14.4672%,0.9830%,-23.7420%,42.9510%,-23.7420%,80.8211%,86.5968%
WST,"WEST PHARMACEUTICAL SERVICES, INC. (XNYS:WST)",0.1531%,10.9904%,1.6830%,-38.8670%,22.5750%,-38.8670%,163.8084%,-84.9998%
WTW,Willis Towers Watson Public Limited Company (XNAS:WTW),1.3322%,5.6122%,0.8870%,-11.3710%,11.8310%,-11.3710%,-36.8131%,-6.1798%
WY,WEYERHAEUSER COMPANY (XNYS:WY),0.1026%,7.2036%,-1.5270%,-15.3820%,18.6190%,-15.3820%,-32.7839%,19.0980%
WYNN,"WYNN RESORTS, LIMITED (XNAS:WYNN)",1.7368%,12.1680%,-1.4480%,-17.7730%,46.0550%,-17.7730%,181.8949%,110.2618%
XEL,Xcel Energy Inc. (XNAS:XEL),0.1881%,5.5960%,0.5450%,-19.5540%,11.3630%,-19.5540%,168.0040%,-76.4813%
XOM,EXXON MOBIL CORPORATION (XNYS:XOM),2.7837%,8.3058%,1.4830%,-14.3140%,33.0450%,-14.3140%,350.6707%,135.2496%
XYL,XYLEM INC. (XNYS:XYL),1.3594%,8.3174%,1.4650%,-24.5250%,23.4540%,-24.5250%,159.1828%,25.9309%
XYZ,"BLOCK, INC. (XNYS:XYZ)",0.1099%,17.6208%,-0.7980%,-32.5920%,62.5190%,-32.5920%,150.6528%,73.9493%
YUM,"YUM! BRANDS, INC. (XNYS:YUM)",0.9772%,5.5493%,0.3710%,-9.7870%,15.9750%,-9.7870%,30.9855%,56.8943%
ZBH,"ZIMMER BIOMET HOLDINGS, INC. (XNYS:ZBH)",-0.3942%,6.3654%,-0.2470%,1.5290%,15.5810%,-14.2740%,14.8028%,32.1735%
ZBRA,ZEBRA TECHNOLOGIES CORPORATION (XNAS:ZBRA),0.6443%,12.0012%,1.1600%,-24.9780%,29.0160%,-24.9780%,-36.6429%,8.4251%
ZTS,ZOETIS INC. (XNYS:ZTS),-0.0678%,8.0807%,1.1750%,-18.2310%,16.0890%,-18.2310%,-62.7433%,-3.8266%
